{"ContentRoots":["C:\\Users\\sebto.d\\Desktop\\YourProjectName\\wwwroot\\","C:\\Users\\sebto.d\\Desktop\\YourProjectName\\obj\\Release\\net9.0\\linux-x64\\scopedcss\\bundle\\","C:\\Users\\sebto.d\\Desktop\\YourProjectName\\obj\\Release\\net9.0\\linux-x64\\compressed\\"],"Root":{"Children":{"css":{"Children":{"site.css":{"Children":null,"Asset":{"ContentRootIndex":0,"SubPath":"css/site.css"},"Patterns":null},"site.css.gz":{"Children":null,"Asset":{"ContentRootIndex":2,"SubPath":"81t0ei5sqc-b9sayid5wm.gz"},"Patterns":null}},"Asset":null,"Patterns":null},"favicon.ico":{"Children":null,"Asset":{"ContentRootIndex":0,"SubPath":"favicon.ico"},"Patterns":null},"js":{"Children":{"site.js":{"Children":null,"Asset":{"ContentRootIndex":0,"SubPath":"js/site.js"},"Patterns":null},"site.js.gz":{"Children":null,"Asset":{"ContentRootIndex":2,"SubPath":"4zfdq8eelb-xtxxf3hu2r.gz"},"Patterns":null}},"Asset":null,"Patterns":null},"lib":{"Children":{"bootstrap":{"Children":{"dist":{"Children":{"css":{"Children":{"bootstrap-grid.css":{"Children":null,"Asset":{"ContentRootIndex":0,"SubPath":"lib/bootstrap/dist/css/bootstrap-grid.css"},"Patterns":null},"bootstrap-grid.css.map":{"Children":null,"Asset":{"ContentRootIndex":0,"SubPath":"lib/bootstrap/dist/css/bootstrap-grid.css.map"},"Patterns":null},"bootstrap-grid.min.css":{"Children":null,"Asset":{"ContentRootIndex":0,"SubPath":"lib/bootstrap/dist/css/bootstrap-grid.min.css"},"Patterns":null},"bootstrap-grid.min.css.map":{"Children":null,"Asset":{"ContentRootIndex":0,"SubPath":"lib/bootstrap/dist/css/bootstrap-grid.min.css.map"},"Patterns":null},"bootstrap-grid.rtl.css":{"Children":null,"Asset":{"ContentRootIndex":0,"SubPath":"lib/bootstrap/dist/css/bootstrap-grid.rtl.css"},"Patterns":null},"bootstrap-grid.rtl.css.map":{"Children":null,"Asset":{"ContentRootIndex":0,"SubPath":"lib/bootstrap/dist/css/bootstrap-grid.rtl.css.map"},"Patterns":null},"bootstrap-grid.rtl.min.css":{"Children":null,"Asset":{"ContentRootIndex":0,"SubPath":"lib/bootstrap/dist/css/bootstrap-grid.rtl.min.css"},"Patterns":null},"bootstrap-grid.rtl.min.css.map":{"Children":null,"Asset":{"ContentRootIndex":0,"SubPath":"lib/bootstrap/dist/css/bootstrap-grid.rtl.min.css.map"},"Patterns":null},"bootstrap-reboot.css":{"Children":null,"Asset":{"ContentRootIndex":0,"SubPath":"lib/bootstrap/dist/css/bootstrap-reboot.css"},"Patterns":null},"bootstrap-reboot.css.map":{"Children":null,"Asset":{"ContentRootIndex":0,"SubPath":"lib/bootstrap/dist/css/bootstrap-reboot.css.map"},"Patterns":null},"bootstrap-reboot.min.css":{"Children":null,"Asset":{"ContentRootIndex":0,"SubPath":"lib/bootstrap/dist/css/bootstrap-reboot.min.css"},"Patterns":null},"bootstrap-reboot.min.css.map":{"Children":null,"Asset":{"ContentRootIndex":0,"SubPath":"lib/bootstrap/dist/css/bootstrap-reboot.min.css.map"},"Patterns":null},"bootstrap-reboot.rtl.css":{"Children":null,"Asset":{"ContentRootIndex":0,"SubPath":"lib/bootstrap/dist/css/bootstrap-reboot.rtl.css"},"Patterns":null},"bootstrap-reboot.rtl.css.map":{"Children":null,"Asset":{"ContentRootIndex":0,"SubPath":"lib/bootstrap/dist/css/bootstrap-reboot.rtl.css.map"},"Patterns":null},"bootstrap-reboot.rtl.min.css":{"Children":null,"Asset":{"ContentRootIndex":0,"SubPath":"lib/bootstrap/dist/css/bootstrap-reboot.rtl.min.css"},"Patterns":null},"bootstrap-reboot.rtl.min.css.map":{"Children":null,"Asset":{"ContentRootIndex":0,"SubPath":"lib/bootstrap/dist/css/bootstrap-reboot.rtl.min.css.map"},"Patterns":null},"bootstrap-utilities.css":{"Children":null,"Asset":{"ContentRootIndex":0,"SubPath":"lib/bootstrap/dist/css/bootstrap-utilities.css"},"Patterns":null},"bootstrap-utilities.css.map":{"Children":null,"Asset":{"ContentRootIndex":0,"SubPath":"lib/bootstrap/dist/css/bootstrap-utilities.css.map"},"Patterns":null},"bootstrap-utilities.min.css":{"Children":null,"Asset":{"ContentRootIndex":0,"SubPath":"lib/bootstrap/dist/css/bootstrap-utilities.min.css"},"Patterns":null},"bootstrap-utilities.min.css.map":{"Children":null,"Asset":{"ContentRootIndex":0,"SubPath":"lib/bootstrap/dist/css/bootstrap-utilities.min.css.map"},"Patterns":null},"bootstrap-utilities.rtl.css":{"Children":null,"Asset":{"ContentRootIndex":0,"SubPath":"lib/bootstrap/dist/css/bootstrap-utilities.rtl.css"},"Patterns":null},"bootstrap-utilities.rtl.css.map":{"Children":null,"Asset":{"ContentRootIndex":0,"SubPath":"lib/bootstrap/dist/css/bootstrap-utilities.rtl.css.map"},"Patterns":null},"bootstrap-utilities.rtl.min.css":{"Children":null,"Asset":{"ContentRootIndex":0,"SubPath":"lib/bootstrap/dist/css/bootstrap-utilities.rtl.min.css"},"Patterns":null},"bootstrap-utilities.rtl.min.css.map":{"Children":null,"Asset":{"ContentRootIndex":0,"SubPath":"lib/bootstrap/dist/css/bootstrap-utilities.rtl.min.css.map"},"Patterns":null},"bootstrap.css":{"Children":null,"Asset":{"ContentRootIndex":0,"SubPath":"lib/bootstrap/dist/css/bootstrap.css"},"Patterns":null},"bootstrap.css.map":{"Children":null,"Asset":{"ContentRootIndex":0,"SubPath":"lib/bootstrap/dist/css/bootstrap.css.map"},"Patterns":null},"bootstrap.min.css":{"Children":null,"Asset":{"ContentRootIndex":0,"SubPath":"lib/bootstrap/dist/css/bootstrap.min.css"},"Patterns":null},"bootstrap.min.css.map":{"Children":null,"Asset":{"ContentRootIndex":0,"SubPath":"lib/bootstrap/dist/css/bootstrap.min.css.map"},"Patterns":null},"bootstrap.rtl.css":{"Children":null,"Asset":{"ContentRootIndex":0,"SubPath":"lib/bootstrap/dist/css/bootstrap.rtl.css"},"Patterns":null},"bootstrap.rtl.css.map":{"Children":null,"Asset":{"ContentRootIndex":0,"SubPath":"lib/bootstrap/dist/css/bootstrap.rtl.css.map"},"Patterns":null},"bootstrap.rtl.min.css":{"Children":null,"Asset":{"ContentRootIndex":0,"SubPath":"lib/bootstrap/dist/css/bootstrap.rtl.min.css"},"Patterns":null},"bootstrap.rtl.min.css.map":{"Children":null,"Asset":{"ContentRootIndex":0,"SubPath":"lib/bootstrap/dist/css/bootstrap.rtl.min.css.map"},"Patterns":null},"bootstrap-grid.css.gz":{"Children":null,"Asset":{"ContentRootIndex":2,"SubPath":"7itweh8k1l-bqjiyaj88i.gz"},"Patterns":null},"bootstrap-grid.css.map.gz":{"Children":null,"Asset":{"ContentRootIndex":2,"SubPath":"6xyd8rgvpz-c2jlpeoesf.gz"},"Patterns":null},"bootstrap-grid.min.css.gz":{"Children":null,"Asset":{"ContentRootIndex":2,"SubPath":"zep0pmzr7e-erw9l3u2r3.gz"},"Patterns":null},"bootstrap-grid.min.css.map.gz":{"Children":null,"Asset":{"ContentRootIndex":2,"SubPath":"zkqo1w08zn-aexeepp0ev.gz"},"Patterns":null},"bootstrap-grid.rtl.css.gz":{"Children":null,"Asset":{"ContentRootIndex":2,"SubPath":"63olq69poz-d7shbmvgxk.gz"},"Patterns":null},"bootstrap-grid.rtl.css.map.gz":{"Children":null,"Asset":{"ContentRootIndex":2,"SubPath":"rwu2d1zb4x-ausgxo2sd3.gz"},"Patterns":null},"bootstrap-grid.rtl.min.css.gz":{"Children":null,"Asset":{"ContentRootIndex":2,"SubPath":"1p5m4axetu-k8d9w2qqmf.gz"},"Patterns":null},"bootstrap-grid.rtl.min.css.map.gz":{"Children":null,"Asset":{"ContentRootIndex":2,"SubPath":"rot6q5aiz5-cosvhxvwiu.gz"},"Patterns":null},"bootstrap-reboot.css.gz":{"Children":null,"Asset":{"ContentRootIndex":2,"SubPath":"yvvfx9yfmo-ub07r2b239.gz"},"Patterns":null},"bootstrap-reboot.css.map.gz":{"Children":null,"Asset":{"ContentRootIndex":2,"SubPath":"94fai5ndia-fvhpjtyr6v.gz"},"Patterns":null},"bootstrap-reboot.min.css.gz":{"Children":null,"Asset":{"ContentRootIndex":2,"SubPath":"ye0813atf9-b7pk76d08c.gz"},"Patterns":null},"bootstrap-reboot.min.css.map.gz":{"Children":null,"Asset":{"ContentRootIndex":2,"SubPath":"1zx3ups0ky-fsbi9cje9m.gz"},"Patterns":null},"bootstrap-reboot.rtl.css.gz":{"Children":null,"Asset":{"ContentRootIndex":2,"SubPath":"edz4vt3v44-rzd6atqjts.gz"},"Patterns":null},"bootstrap-reboot.rtl.css.map.gz":{"Children":null,"Asset":{"ContentRootIndex":2,"SubPath":"9367s96ols-ee0r1s7dh0.gz"},"Patterns":null},"bootstrap-reboot.rtl.min.css.gz":{"Children":null,"Asset":{"ContentRootIndex":2,"SubPath":"rns1beieme-dxx9fxp4il.gz"},"Patterns":null},"bootstrap-reboot.rtl.min.css.map.gz":{"Children":null,"Asset":{"ContentRootIndex":2,"SubPath":"30rb03li03-jd9uben2k1.gz"},"Patterns":null},"bootstrap-utilities.css.gz":{"Children":null,"Asset":{"ContentRootIndex":2,"SubPath":"u64k8xvzyr-khv3u5hwcm.gz"},"Patterns":null},"bootstrap-utilities.css.map.gz":{"Children":null,"Asset":{"ContentRootIndex":2,"SubPath":"vo23gxzl3y-r4e9w2rdcm.gz"},"Patterns":null},"bootstrap-utilities.min.css.gz":{"Children":null,"Asset":{"ContentRootIndex":2,"SubPath":"0tculgl5si-lcd1t2u6c8.gz"},"Patterns":null},"bootstrap-utilities.min.css.map.gz":{"Children":null,"Asset":{"ContentRootIndex":2,"SubPath":"mjy1xrhae6-c2oey78nd0.gz"},"Patterns":null},"bootstrap-utilities.rtl.css.gz":{"Children":null,"Asset":{"ContentRootIndex":2,"SubPath":"xuxac9idhy-tdbxkamptv.gz"},"Patterns":null},"bootstrap-utilities.rtl.css.map.gz":{"Children":null,"Asset":{"ContentRootIndex":2,"SubPath":"2gst1ydbim-j5mq2jizvt.gz"},"Patterns":null},"bootstrap-utilities.rtl.min.css.gz":{"Children":null,"Asset":{"ContentRootIndex":2,"SubPath":"wikifxmzsc-06098lyss8.gz"},"Patterns":null},"bootstrap-utilities.rtl.min.css.map.gz":{"Children":null,"Asset":{"ContentRootIndex":2,"SubPath":"x0tgpyll43-nvvlpmu67g.gz"},"Patterns":null},"bootstrap.css.gz":{"Children":null,"Asset":{"ContentRootIndex":2,"SubPath":"txrvdwv3q7-s35ty4nyc5.gz"},"Patterns":null},"bootstrap.css.map.gz":{"Children":null,"Asset":{"ContentRootIndex":2,"SubPath":"e2pwbf95j0-pj5nd1wqec.gz"},"Patterns":null},"bootstrap.min.css.gz":{"Children":null,"Asset":{"ContentRootIndex":2,"SubPath":"g2532spiob-46ein0sx1k.gz"},"Patterns":null},"bootstrap.min.css.map.gz":{"Children":null,"Asset":{"ContentRootIndex":2,"SubPath":"6sf25cwyv1-v0zj4ognzu.gz"},"Patterns":null},"bootstrap.rtl.css.gz":{"Children":null,"Asset":{"ContentRootIndex":2,"SubPath":"ub4jmui8p1-37tfw0ft22.gz"},"Patterns":null},"bootstrap.rtl.css.map.gz":{"Children":null,"Asset":{"ContentRootIndex":2,"SubPath":"22gouwvlny-hrwsygsryq.gz"},"Patterns":null},"bootstrap.rtl.min.css.gz":{"Children":null,"Asset":{"ContentRootIndex":2,"SubPath":"45epctdhkc-pk9g2wxc8p.gz"},"Patterns":null},"bootstrap.rtl.min.css.map.gz":{"Children":null,"Asset":{"ContentRootIndex":2,"SubPath":"mmc1vo1v8j-ft3s53vfgj.gz"},"Patterns":null}},"Asset":null,"Patterns":null},"js":{"Children":{"bootstrap.bundle.js":{"Children":null,"Asset":{"ContentRootIndex":0,"SubPath":"lib/bootstrap/dist/js/bootstrap.bundle.js"},"Patterns":null},"bootstrap.bundle.js.map":{"Children":null,"Asset":{"ContentRootIndex":0,"SubPath":"lib/bootstrap/dist/js/bootstrap.bundle.js.map"},"Patterns":null},"bootstrap.bundle.min.js":{"Children":null,"Asset":{"ContentRootIndex":0,"SubPath":"lib/bootstrap/dist/js/bootstrap.bundle.min.js"},"Patterns":null},"bootstrap.bundle.min.js.map":{"Children":null,"Asset":{"ContentRootIndex":0,"SubPath":"lib/bootstrap/dist/js/bootstrap.bundle.min.js.map"},"Patterns":null},"bootstrap.esm.js":{"Children":null,"Asset":{"ContentRootIndex":0,"SubPath":"lib/bootstrap/dist/js/bootstrap.esm.js"},"Patterns":null},"bootstrap.esm.js.map":{"Children":null,"Asset":{"ContentRootIndex":0,"SubPath":"lib/bootstrap/dist/js/bootstrap.esm.js.map"},"Patterns":null},"bootstrap.esm.min.js":{"Children":null,"Asset":{"ContentRootIndex":0,"SubPath":"lib/bootstrap/dist/js/bootstrap.esm.min.js"},"Patterns":null},"bootstrap.esm.min.js.map":{"Children":null,"Asset":{"ContentRootIndex":0,"SubPath":"lib/bootstrap/dist/js/bootstrap.esm.min.js.map"},"Patterns":null},"bootstrap.js":{"Children":null,"Asset":{"ContentRootIndex":0,"SubPath":"lib/bootstrap/dist/js/bootstrap.js"},"Patterns":null},"bootstrap.js.map":{"Children":null,"Asset":{"ContentRootIndex":0,"SubPath":"lib/bootstrap/dist/js/bootstrap.js.map"},"Patterns":null},"bootstrap.min.js":{"Children":null,"Asset":{"ContentRootIndex":0,"SubPath":"lib/bootstrap/dist/js/bootstrap.min.js"},"Patterns":null},"bootstrap.min.js.map":{"Children":null,"Asset":{"ContentRootIndex":0,"SubPath":"lib/bootstrap/dist/js/bootstrap.min.js.map"},"Patterns":null},"bootstrap.bundle.js.gz":{"Children":null,"Asset":{"ContentRootIndex":2,"SubPath":"7v7twzvedr-6cfz1n2cew.gz"},"Patterns":null},"bootstrap.bundle.js.map.gz":{"Children":null,"Asset":{"ContentRootIndex":2,"SubPath":"pugxfejdrl-6pdc2jztkx.gz"},"Patterns":null},"bootstrap.bundle.min.js.gz":{"Children":null,"Asset":{"ContentRootIndex":2,"SubPath":"43x7diha4y-493y06b0oq.gz"},"Patterns":null},"bootstrap.bundle.min.js.map.gz":{"Children":null,"Asset":{"ContentRootIndex":2,"SubPath":"90n0m45ds7-iovd86k7lj.gz"},"Patterns":null},"bootstrap.esm.js.gz":{"Children":null,"Asset":{"ContentRootIndex":2,"SubPath":"7swq28ty9g-vr1egmr9el.gz"},"Patterns":null},"bootstrap.esm.js.map.gz":{"Children":null,"Asset":{"ContentRootIndex":2,"SubPath":"j8c1d0h6cx-kbrnm935zg.gz"},"Patterns":null},"bootstrap.esm.min.js.gz":{"Children":null,"Asset":{"ContentRootIndex":2,"SubPath":"742xz8lke6-jj8uyg4cgr.gz"},"Patterns":null},"bootstrap.esm.min.js.map.gz":{"Children":null,"Asset":{"ContentRootIndex":2,"SubPath":"0iibkc6rnn-y7v9cxd14o.gz"},"Patterns":null},"bootstrap.js.gz":{"Children":null,"Asset":{"ContentRootIndex":2,"SubPath":"4azzdzzwk5-notf2xhcfb.gz"},"Patterns":null},"bootstrap.js.map.gz":{"Children":null,"Asset":{"ContentRootIndex":2,"SubPath":"h4t5l5d4jw-h1s4sie4z3.gz"},"Patterns":null},"bootstrap.min.js.gz":{"Children":null,"Asset":{"ContentRootIndex":2,"SubPath":"6iswi2dmhx-63fj8s7r0e.gz"},"Patterns":null},"bootstrap.min.js.map.gz":{"Children":null,"Asset":{"ContentRootIndex":2,"SubPath":"oul6u4s8lr-0j3bgjxly4.gz"},"Patterns":null}},"Asset":null,"Patterns":null}},"Asset":null,"Patterns":null},"LICENSE":{"Children":null,"Asset":{"ContentRootIndex":0,"SubPath":"lib/bootstrap/LICENSE"},"Patterns":null}},"Asset":null,"Patterns":null},"jquery-validation-unobtrusive":{"Children":{"dist":{"Children":{"jquery.validate.unobtrusive.js":{"Children":null,"Asset":{"ContentRootIndex":0,"SubPath":"lib/jquery-validation-unobtrusive/dist/jquery.validate.unobtrusive.js"},"Patterns":null},"jquery.validate.unobtrusive.min.js":{"Children":null,"Asset":{"ContentRootIndex":0,"SubPath":"lib/jquery-validation-unobtrusive/dist/jquery.validate.unobtrusive.min.js"},"Patterns":null},"jquery.validate.unobtrusive.js.gz":{"Children":null,"Asset":{"ContentRootIndex":2,"SubPath":"ovqdo1yt3a-47otxtyo56.gz"},"Patterns":null},"jquery.validate.unobtrusive.min.js.gz":{"Children":null,"Asset":{"ContentRootIndex":2,"SubPath":"79svo28tnt-4v8eqarkd7.gz"},"Patterns":null}},"Asset":null,"Patterns":null},"LICENSE.txt":{"Children":null,"Asset":{"ContentRootIndex":0,"SubPath":"lib/jquery-validation-unobtrusive/LICENSE.txt"},"Patterns":null},"LICENSE.txt.gz":{"Children":null,"Asset":{"ContentRootIndex":2,"SubPath":"qlw0eggf91-356vix0kms.gz"},"Patterns":null}},"Asset":null,"Patterns":null},"jquery-validation":{"Children":{"dist":{"Children":{"additional-methods.js":{"Children":null,"Asset":{"ContentRootIndex":0,"SubPath":"lib/jquery-validation/dist/additional-methods.js"},"Patterns":null},"additional-methods.min.js":{"Children":null,"Asset":{"ContentRootIndex":0,"SubPath":"lib/jquery-validation/dist/additional-methods.min.js"},"Patterns":null},"jquery.validate.js":{"Children":null,"Asset":{"ContentRootIndex":0,"SubPath":"lib/jquery-validation/dist/jquery.validate.js"},"Patterns":null},"jquery.validate.min.js":{"Children":null,"Asset":{"ContentRootIndex":0,"SubPath":"lib/jquery-validation/dist/jquery.validate.min.js"},"Patterns":null},"additional-methods.js.gz":{"Children":null,"Asset":{"ContentRootIndex":2,"SubPath":"46tal0q3w0-83jwlth58m.gz"},"Patterns":null},"additional-methods.min.js.gz":{"Children":null,"Asset":{"ContentRootIndex":2,"SubPath":"7o452s6jyd-mrlpezrjn3.gz"},"Patterns":null},"jquery.validate.js.gz":{"Children":null,"Asset":{"ContentRootIndex":2,"SubPath":"ubf85hhisw-lzl9nlhx6b.gz"},"Patterns":null},"jquery.validate.min.js.gz":{"Children":null,"Asset":{"ContentRootIndex":2,"SubPath":"p78qwgmd1n-ag7o75518u.gz"},"Patterns":null}},"Asset":null,"Patterns":null},"LICENSE.md":{"Children":null,"Asset":{"ContentRootIndex":0,"SubPath":"lib/jquery-validation/LICENSE.md"},"Patterns":null},"LICENSE.md.gz":{"Children":null,"Asset":{"ContentRootIndex":2,"SubPath":"fx10kpq9ro-x0q3zqp4vz.gz"},"Patterns":null}},"Asset":null,"Patterns":null},"jquery":{"Children":{"dist":{"Children":{"jquery.js":{"Children":null,"Asset":{"ContentRootIndex":0,"SubPath":"lib/jquery/dist/jquery.js"},"Patterns":null},"jquery.min.js":{"Children":null,"Asset":{"ContentRootIndex":0,"SubPath":"lib/jquery/dist/jquery.min.js"},"Patterns":null},"jquery.min.map":{"Children":null,"Asset":{"ContentRootIndex":0,"SubPath":"lib/jquery/dist/jquery.min.map"},"Patterns":null},"jquery.slim.js":{"Children":null,"Asset":{"ContentRootIndex":0,"SubPath":"lib/jquery/dist/jquery.slim.js"},"Patterns":null},"jquery.slim.min.js":{"Children":null,"Asset":{"ContentRootIndex":0,"SubPath":"lib/jquery/dist/jquery.slim.min.js"},"Patterns":null},"jquery.slim.min.map":{"Children":null,"Asset":{"ContentRootIndex":0,"SubPath":"lib/jquery/dist/jquery.slim.min.map"},"Patterns":null},"jquery.js.gz":{"Children":null,"Asset":{"ContentRootIndex":2,"SubPath":"mvshko5ss3-0i3buxo5is.gz"},"Patterns":null},"jquery.min.js.gz":{"Children":null,"Asset":{"ContentRootIndex":2,"SubPath":"vi3n3xr6u2-o1o13a6vjx.gz"},"Patterns":null},"jquery.min.map.gz":{"Children":null,"Asset":{"ContentRootIndex":2,"SubPath":"znnuh9qtb0-ttgo8qnofa.gz"},"Patterns":null},"jquery.slim.js.gz":{"Children":null,"Asset":{"ContentRootIndex":2,"SubPath":"578a0euet8-2z0ns9nrw6.gz"},"Patterns":null},"jquery.slim.min.js.gz":{"Children":null,"Asset":{"ContentRootIndex":2,"SubPath":"uuf2uj9asj-muycvpuwrr.gz"},"Patterns":null},"jquery.slim.min.map.gz":{"Children":null,"Asset":{"ContentRootIndex":2,"SubPath":"pjtaz5z3g9-87fc7y1x7t.gz"},"Patterns":null}},"Asset":null,"Patterns":null},"LICENSE.txt":{"Children":null,"Asset":{"ContentRootIndex":0,"SubPath":"lib/jquery/LICENSE.txt"},"Patterns":null},"LICENSE.txt.gz":{"Children":null,"Asset":{"ContentRootIndex":2,"SubPath":"kq6ge2vwol-mlv21k5csn.gz"},"Patterns":null}},"Asset":null,"Patterns":null}},"Asset":null,"Patterns":null},"YourProjectName.styles.css":{"Children":null,"Asset":{"ContentRootIndex":1,"SubPath":"YourProjectName.styles.css"},"Patterns":null},"favicon.ico.gz":{"Children":null,"Asset":{"ContentRootIndex":2,"SubPath":"28zugj45s5-61n19gt1b8.gz"},"Patterns":null},"YourProjectName.styles.css.gz":{"Children":null,"Asset":{"ContentRootIndex":2,"SubPath":"r2uyywsgxz-kw1p5xiqjl.gz"},"Patterns":null}},"Asset":null,"Patterns":[{"ContentRootIndex":0,"Pattern":"**","Depth":0}]}}